{"cameraMode":{"drawMode":0,"name":"Shaded","section":"Shading Mode"},"sceneLighting":false,"audioPlay":false,"sceneViewState":{"m_AlwaysRefresh":false,"showFog":true,"showSkybox":false,"showFlares":true,"showImageEffects":true,"showParticleSystems":true,"showVisualEffectGraphs":true,"m_FxEnabled":true},"in2DMode":false,"pivot":{"x":-0.11219161003828049,"y":0.8390473127365112,"z":-1.6160361766815186},"rotation":{"x":-0.30999037623405459,"y":-0.026523953303694726,"z":0.008651924319565297,"w":-0.950331449508667},"size":0.6280127167701721,"orthographic":false}