{"cameraMode":{"drawMode":0,"name":"Shaded","section":"Shading Mode"},"sceneLighting":false,"audioPlay":false,"sceneViewState":{"m_AlwaysRefresh":false,"showFog":true,"showSkybox":false,"showFlares":true,"showImageEffects":true,"showParticleSystems":true,"showVisualEffectGraphs":true,"m_FxEnabled":true},"in2DMode":false,"pivot":{"x":1.0768256187438965,"y":-0.044294118881225589,"z":-1.0582343339920045},"rotation":{"x":0.07690735906362534,"y":0.9044336080551148,"z":-0.18457090854644776,"w":0.3768576383590698},"size":1.8280127048492432,"orthographic":false}