{"cameraMode":{"drawMode":0,"name":"Shaded","section":"Shading Mode"},"sceneLighting":false,"audioPlay":false,"sceneViewState":{"m_AlwaysRefresh":false,"showFog":true,"showSkybox":false,"showFlares":true,"showImageEffects":true,"showParticleSystems":true,"showVisualEffectGraphs":true,"m_FxEnabled":true},"in2DMode":false,"pivot":{"x":-0.02000001072883606,"y":0.06000000238418579,"z":-0.02000001072883606},"rotation":{"x":0.29887840151786806,"y":0.026047300547361375,"z":-0.00806255079805851,"w":0.9539448022842407},"size":0.2891366481781006,"orthographic":false}