{"cameraMode":{"drawMode":0,"name":"Shaded","section":"Shading Mode"},"sceneLighting":false,"audioPlay":false,"sceneViewState":{"m_AlwaysRefresh":false,"showFog":true,"showSkybox":false,"showFlares":true,"showImageEffects":true,"showParticleSystems":true,"showVisualEffectGraphs":true,"m_FxEnabled":true},"in2DMode":false,"pivot":{"x":1.2953933477401734,"y":0.04000000283122063,"z":-0.5171994566917419},"rotation":{"x":0.1184912621974945,"y":-0.7829393148422241,"z":0.1574157178401947,"w":0.5901358127593994},"size":0.2856571674346924,"orthographic":false}