{"cameraMode":{"drawMode":0,"name":"Shaded","section":"Shading Mode"},"sceneLighting":false,"audioPlay":false,"sceneViewState":{"m_AlwaysRefresh":false,"showFog":true,"showSkybox":false,"showFlares":true,"showImageEffects":true,"showParticleSystems":true,"showVisualEffectGraphs":true,"m_FxEnabled":true},"in2DMode":false,"pivot":{"x":1.2610726356506348,"y":0.030000001192092897,"z":-0.08795006573200226},"rotation":{"x":-0.15934808552265168,"y":0.09667611867189408,"z":-0.01568176969885826,"w":-0.9823538064956665},"size":0.28442928194999697,"orthographic":false}