{"cameraMode":{"drawMode":0,"name":"Shaded","section":"Shading Mode"},"sceneLighting":false,"audioPlay":false,"sceneViewState":{"m_AlwaysRefresh":false,"showFog":true,"showSkybox":false,"showFlares":true,"showImageEffects":true,"showParticleSystems":true,"showVisualEffectGraphs":true,"m_FxEnabled":true},"in2DMode":false,"pivot":{"x":-12.972354888916016,"y":0.06000000238418579,"z":-7.812585353851318},"rotation":{"x":0.09764011949300766,"y":-0.6849298477172852,"z":0.09352859109640122,"w":0.7160065174102783},"size":0.8506470322608948,"orthographic":false}