{"cameraMode":{"drawMode":0,"name":"Shaded","section":"Shading Mode"},"sceneLighting":true,"audioPlay":false,"sceneViewState":{"m_AlwaysRefresh":false,"showFog":true,"showSkybox":true,"showFlares":true,"showImageEffects":true,"showParticleSystems":true,"showVisualEffectGraphs":true,"m_FxEnabled":true},"in2DMode":false,"pivot":{"x":-0.139896959066391,"y":-0.703010082244873,"z":-3.378146171569824},"rotation":{"x":0.24764718115329743,"y":0.0031657645013183357,"z":-0.0008472262416034937,"w":0.9690079689025879},"size":4.33493185043335,"orthographic":false}