{"cameraMode":{"drawMode":0,"name":"Shaded","section":"Shading Mode"},"sceneLighting":true,"audioPlay":false,"sceneViewState":{"m_AlwaysRefresh":false,"showFog":true,"showSkybox":true,"showFlares":true,"showImageEffects":true,"showParticleSystems":true,"showVisualEffectGraphs":true,"m_FxEnabled":true},"in2DMode":false,"pivot":{"x":-19.649789810180665,"y":-18.893455505371095,"z":43.549381256103519},"rotation":{"x":0.18768317997455598,"y":-0.18529322743415833,"z":0.03619367629289627,"w":0.9639515280723572},"size":30.32282829284668,"orthographic":false}