{"cameraMode":{"drawMode":0,"name":"Shaded","section":"Shading Mode"},"sceneLighting":true,"audioPlay":false,"sceneViewState":{"m_AlwaysRefresh":false,"showFog":true,"showSkybox":true,"showFlares":true,"showImageEffects":true,"showParticleSystems":true,"showVisualEffectGraphs":true,"m_FxEnabled":true},"in2DMode":false,"pivot":{"x":-0.6145639419555664,"y":-5.811619758605957,"z":7.655708312988281},"rotation":{"x":-0.21989400684833527,"y":0.007620478980243206,"z":-0.0017203603638336063,"w":-0.975506067276001},"size":10.706117630004883,"orthographic":false}