{"cameraMode":{"drawMode":0,"name":"Shaded","section":"Shading Mode"},"sceneLighting":true,"audioPlay":false,"sceneViewState":{"m_AlwaysRefresh":false,"showFog":true,"showSkybox":true,"showFlares":true,"showImageEffects":true,"showParticleSystems":true,"showVisualEffectGraphs":true,"m_FxEnabled":true},"in2DMode":false,"pivot":{"x":0.27581870555877688,"y":-0.08829164505004883,"z":-5.5146803855896},"rotation":{"x":0.0020729948300868274,"y":-0.9857019782066345,"z":0.1690087765455246,"w":0.01118400413542986},"size":3.545365810394287,"orthographic":false}