{"cameraMode":{"drawMode":0,"name":"Shaded","section":"Shading Mode"},"sceneLighting":true,"audioPlay":false,"sceneViewState":{"m_AlwaysRefresh":false,"showFog":true,"showSkybox":true,"showFlares":true,"showImageEffects":true,"showParticleSystems":true,"showVisualEffectGraphs":true,"m_FxEnabled":true},"in2DMode":false,"pivot":{"x":-4.9100518226623539,"y":0.9348938465118408,"z":-7.550233840942383},"rotation":{"x":0.009092221036553383,"y":-0.6725327372550964,"z":-0.008269322104752064,"w":-0.7399744987487793},"size":3.8558056354522707,"orthographic":false}