{"cameraMode":{"drawMode":0,"name":"Shaded","section":"Shading Mode"},"sceneLighting":false,"audioPlay":false,"sceneViewState":{"m_AlwaysRefresh":false,"showFog":true,"showSkybox":false,"showFlares":true,"showImageEffects":true,"showParticleSystems":true,"showVisualEffectGraphs":true,"m_FxEnabled":true},"in2DMode":false,"pivot":{"x":2.151662826538086,"y":-0.05368342250585556,"z":-4.608271598815918},"rotation":{"x":0.0020421557128429415,"y":0.9909459948539734,"z":-0.13339516520500184,"w":0.01516328938305378},"size":1.268934965133667,"orthographic":false}