{"cameraMode":{"drawMode":0,"name":"Shaded","section":"Shading Mode"},"sceneLighting":true,"audioPlay":false,"sceneViewState":{"m_AlwaysRefresh":false,"showFog":true,"showSkybox":true,"showFlares":true,"showImageEffects":true,"showParticleSystems":true,"showVisualEffectGraphs":true,"m_FxEnabled":true},"in2DMode":false,"pivot":{"x":29.975494384765626,"y":4.96999979019165,"z":-3.309999942779541},"rotation":{"x":-0.2219458520412445,"y":0.002044561319053173,"z":-0.00046526474761776626,"w":-0.9750580787658691},"size":7.07106876373291,"orthographic":false}