{"cameraMode":{"drawMode":0,"name":"Shaded","section":"Shading Mode"},"sceneLighting":true,"audioPlay":false,"sceneViewState":{"m_AlwaysRefresh":false,"showFog":true,"showSkybox":true,"showFlares":true,"showImageEffects":true,"showParticleSystems":true,"showVisualEffectGraphs":true,"m_FxEnabled":true},"in2DMode":false,"pivot":{"x":0.29864299297332766,"y":1.1310920715332032,"z":-2.5666842460632326},"rotation":{"x":-0.09950242191553116,"y":-0.22427044808864594,"z":0.023025302216410638,"w":-0.96916264295578},"size":4.4902262687683109,"orthographic":false}