{"cameraMode":{"drawMode":0,"name":"Shaded","section":"Shading Mode"},"sceneLighting":true,"audioPlay":false,"sceneViewState":{"m_AlwaysRefresh":false,"showFog":true,"showSkybox":true,"showFlares":true,"showImageEffects":true,"showParticleSystems":true,"showVisualEffectGraphs":true,"m_FxEnabled":true},"in2DMode":false,"pivot":{"x":0.37074947357177737,"y":-0.8046197891235352,"z":-3.7636003494262697},"rotation":{"x":-0.30979254841804507,"y":-0.2219993770122528,"z":0.07463185489177704,"w":-0.9215095043182373},"size":5.365372180938721,"orthographic":false}