{"cameraMode":{"drawMode":0,"name":"Shaded","section":"Shading Mode"},"sceneLighting":true,"audioPlay":false,"sceneViewState":{"m_AlwaysRefresh":false,"showFog":true,"showSkybox":true,"showFlares":true,"showImageEffects":true,"showParticleSystems":true,"showVisualEffectGraphs":true,"m_FxEnabled":true},"in2DMode":false,"pivot":{"x":0.37953948974609377,"y":-0.09835195541381836,"z":-3.7062759399414064},"rotation":{"x":-0.32957959175109866,"y":-0.1570388227701187,"z":0.055693112313747409,"w":-0.9293129444122315},"size":5.35517692565918,"orthographic":false}