{"cameraMode":{"drawMode":0,"name":"Shaded","section":"Shading Mode"},"sceneLighting":true,"audioPlay":false,"sceneViewState":{"m_AlwaysRefresh":false,"showFog":true,"showSkybox":true,"showFlares":true,"showImageEffects":true,"showParticleSystems":true,"showVisualEffectGraphs":true,"m_FxEnabled":true},"in2DMode":false,"pivot":{"x":-0.04090562462806702,"y":1.463590145111084,"z":-7.097431182861328},"rotation":{"x":-0.25253739953041079,"y":0.007834283635020256,"z":-0.002044527791440487,"w":-0.9675549864768982},"size":2.9902257919311525,"orthographic":false}