{"cameraMode":{"drawMode":0,"name":"Shaded","section":"Shading Mode"},"sceneLighting":true,"audioPlay":false,"sceneViewState":{"m_AlwaysRefresh":false,"showFog":true,"showSkybox":true,"showFlares":true,"showImageEffects":true,"showParticleSystems":true,"showVisualEffectGraphs":true,"m_FxEnabled":true},"in2DMode":false,"pivot":{"x":13.177850723266602,"y":-4.235995769500732,"z":-0.9512572288513184},"rotation":{"x":-0.34064507484436037,"y":0.10322080552577973,"z":-0.037656355649232867,"w":-0.9337524771690369},"size":5.524155616760254,"orthographic":false}