{"cameraMode":{"drawMode":0,"name":"Shaded","section":"Shading Mode"},"sceneLighting":false,"audioPlay":false,"sceneViewState":{"m_AlwaysRefresh":false,"showFog":true,"showSkybox":false,"showFlares":true,"showImageEffects":true,"showParticleSystems":true,"showVisualEffectGraphs":true,"m_FxEnabled":true},"in2DMode":false,"pivot":{"x":13.70348072052002,"y":1.3941714763641358,"z":0.32880961894989016},"rotation":{"x":-0.2524760961532593,"y":-0.022641966119408609,"z":0.005909609142690897,"w":-0.9673217535018921},"size":2.579559087753296,"orthographic":false}