{"cameraMode":{"drawMode":0,"name":"Shaded","section":"Shading Mode"},"sceneLighting":false,"audioPlay":false,"sceneViewState":{"m_AlwaysRefresh":false,"showFog":true,"showSkybox":false,"showFlares":true,"showImageEffects":true,"showParticleSystems":true,"showVisualEffectGraphs":true,"m_FxEnabled":true},"in2DMode":false,"pivot":{"x":14.665867805480957,"y":5.881549835205078,"z":-11.327150344848633},"rotation":{"x":-0.2524760961532593,"y":-0.022641966119408609,"z":0.005909609142690897,"w":-0.9673217535018921},"size":-0.3339746594429016,"orthographic":false}