{"cameraMode":{"drawMode":0,"name":"Shaded","section":"Shading Mode"},"sceneLighting":false,"audioPlay":false,"sceneViewState":{"m_AlwaysRefresh":false,"showFog":true,"showSkybox":false,"showFlares":true,"showImageEffects":true,"showParticleSystems":true,"showVisualEffectGraphs":true,"m_FxEnabled":true},"in2DMode":false,"pivot":{"x":14.307478904724121,"y":0.8437933921813965,"z":-2.794888973236084},"rotation":{"x":-0.2524760961532593,"y":-0.022641966119408609,"z":0.005909609142690897,"w":-0.9673217535018921},"size":4.177777290344238,"orthographic":false}