{"cameraMode":{"drawMode":0,"name":"Shaded","section":"Shading Mode"},"sceneLighting":false,"audioPlay":false,"sceneViewState":{"m_AlwaysRefresh":false,"showFog":true,"showSkybox":false,"showFlares":true,"showImageEffects":true,"showParticleSystems":true,"showVisualEffectGraphs":true,"m_FxEnabled":true},"in2DMode":false,"pivot":{"x":17.139551162719728,"y":-1.0137355327606202,"z":-1.1824036836624146},"rotation":{"x":-0.2524760961532593,"y":-0.022641966119408609,"z":0.005909609142690897,"w":-0.9673217535018921},"size":4.979559421539307,"orthographic":false}