{"cameraMode":{"drawMode":0,"name":"Shaded","section":"Shading Mode"},"sceneLighting":false,"audioPlay":false,"sceneViewState":{"m_AlwaysRefresh":false,"showFog":true,"showSkybox":false,"showFlares":true,"showImageEffects":true,"showParticleSystems":true,"showVisualEffectGraphs":true,"m_FxEnabled":true},"in2DMode":false,"pivot":{"x":14.539113998413086,"y":1.2894823551177979,"z":-2.4819588661193849},"rotation":{"x":-0.2756679654121399,"y":-0.013541892170906067,"z":0.003880379255861044,"w":-0.9611608386039734},"size":3.3154423236846926,"orthographic":false}