{"cameraMode":{"drawMode":0,"name":"Shaded","section":"Shading Mode"},"sceneLighting":false,"audioPlay":false,"sceneViewState":{"m_AlwaysRefresh":false,"showFog":true,"showSkybox":false,"showFlares":true,"showImageEffects":true,"showParticleSystems":true,"showVisualEffectGraphs":true,"m_FxEnabled":true},"in2DMode":false,"pivot":{"x":0.39433029294013979,"y":0.3328067660331726,"z":-0.6949509382247925},"rotation":{"x":0.11416586488485336,"y":0.766520082950592,"z":-0.14210563898086549,"w":0.6158093214035034},"size":0.9438076019287109,"orthographic":false}