{"cameraMode":{"drawMode":0,"name":"Shaded","section":"Shading Mode"},"sceneLighting":false,"audioPlay":false,"sceneViewState":{"m_AlwaysRefresh":false,"showFog":true,"showSkybox":false,"showFlares":true,"showImageEffects":true,"showParticleSystems":true,"showVisualEffectGraphs":true,"m_FxEnabled":true},"in2DMode":false,"pivot":{"x":0.8278646469116211,"y":0.04000000283122063,"z":-0.15184734761714936},"rotation":{"x":-0.19642408192157746,"y":0.27014434337615969,"z":-0.05639674514532089,"w":-0.9408823847770691},"size":0.2856571674346924,"orthographic":false}