{"cameraMode":{"drawMode":0,"name":"Shaded","section":"Shading Mode"},"sceneLighting":false,"audioPlay":false,"sceneViewState":{"m_AlwaysRefresh":false,"showFog":true,"showSkybox":false,"showFlares":true,"showImageEffects":true,"showParticleSystems":true,"showVisualEffectGraphs":true,"m_FxEnabled":true},"in2DMode":false,"pivot":{"x":15.562960624694825,"y":0.47452595829963686,"z":-5.301950931549072},"rotation":{"x":0.23323136568069459,"y":0.05684516951441765,"z":-0.013658717274665833,"w":0.9706668257713318},"size":4.445990085601807,"orthographic":false}