{"cameraMode":{"drawMode":0,"name":"Shaded","section":"Shading Mode"},"sceneLighting":false,"audioPlay":false,"sceneViewState":{"m_AlwaysRefresh":false,"showFog":true,"showSkybox":false,"showFlares":true,"showImageEffects":true,"showParticleSystems":true,"showVisualEffectGraphs":true,"m_FxEnabled":true},"in2DMode":false,"pivot":{"x":4.173092842102051,"y":0.30506277084350588,"z":-3.927122116088867},"rotation":{"x":0.05807608738541603,"y":0.9356061220169067,"z":-0.18363411724567414,"w":0.2958885431289673},"size":0.7554703950881958,"orthographic":false}