{"cameraMode":{"drawMode":0,"name":"Shaded","section":"Shading Mode"},"sceneLighting":false,"audioPlay":false,"sceneViewState":{"m_AlwaysRefresh":false,"showFog":true,"showSkybox":false,"showFlares":true,"showImageEffects":true,"showParticleSystems":true,"showVisualEffectGraphs":true,"m_FxEnabled":true},"in2DMode":false,"pivot":{"x":0.11875343322753906,"y":0.6695960164070129,"z":0.2619185745716095},"rotation":{"x":-0.02941347472369671,"y":0.6626961827278137,"z":-0.02606385201215744,"w":-0.7478575706481934},"size":0.643807590007782,"orthographic":false}