{"cameraMode":{"drawMode":0,"name":"Shaded","section":"Shading Mode"},"sceneLighting":false,"audioPlay":false,"sceneViewState":{"m_AlwaysRefresh":false,"showFog":true,"showSkybox":false,"showFlares":true,"showImageEffects":true,"showParticleSystems":true,"showVisualEffectGraphs":true,"m_FxEnabled":true},"in2DMode":false,"pivot":{"x":-0.02000001072883606,"y":0.4000000059604645,"z":-0.02000001072883606},"rotation":{"x":0.34277045726776125,"y":0.0019300152780488134,"z":-0.0007722863811068237,"w":0.9395747780799866},"size":0.4898979663848877,"orthographic":false}