{"cameraMode":{"drawMode":0,"name":"Shaded","section":"Shading Mode"},"sceneLighting":false,"audioPlay":false,"sceneViewState":{"m_AlwaysRefresh":false,"showFog":true,"showSkybox":false,"showFlares":true,"showImageEffects":true,"showParticleSystems":true,"showVisualEffectGraphs":true,"m_FxEnabled":true},"in2DMode":false,"pivot":{"x":-11.397727966308594,"y":0.04000000283122063,"z":-3.1278834342956545},"rotation":{"x":-0.2756679654121399,"y":-0.013541892170906067,"z":0.003880379255861044,"w":-0.9611608386039734},"size":0.8494706153869629,"orthographic":false}