{"cameraMode":{"drawMode":0,"name":"Shaded","section":"Shading Mode"},"sceneLighting":false,"audioPlay":false,"sceneViewState":{"m_AlwaysRefresh":false,"showFog":true,"showSkybox":false,"showFlares":true,"showImageEffects":true,"showParticleSystems":true,"showVisualEffectGraphs":true,"m_FxEnabled":true},"in2DMode":false,"pivot":{"x":0.05551547557115555,"y":-0.040509190410375598,"z":-2.985130786895752},"rotation":{"x":0.004789918661117554,"y":0.9904656410217285,"z":-0.1330285668373108,"w":0.035673584789037707},"size":2.443807363510132,"orthographic":false}