{"cameraMode":{"drawMode":0,"name":"Shaded","section":"Shading Mode"},"sceneLighting":false,"audioPlay":false,"sceneViewState":{"m_AlwaysRefresh":false,"showFog":true,"showSkybox":false,"showFlares":true,"showImageEffects":true,"showParticleSystems":true,"showVisualEffectGraphs":true,"m_FxEnabled":true},"in2DMode":false,"pivot":{"x":3.370722770690918,"y":0.17215809226036073,"z":-1.3295916318893433},"rotation":{"x":0.06106484308838844,"y":0.7751336693763733,"z":-0.07582439482212067,"w":0.6242626309394836},"size":2.443807363510132,"orthographic":false}