{"cameraMode":{"drawMode":0,"name":"Shaded","section":"Shading Mode"},"sceneLighting":false,"audioPlay":false,"sceneViewState":{"m_AlwaysRefresh":false,"showFog":true,"showSkybox":false,"showFlares":true,"showImageEffects":true,"showParticleSystems":true,"showVisualEffectGraphs":true,"m_FxEnabled":true},"in2DMode":false,"pivot":{"x":12.694211959838868,"y":3.137640953063965,"z":-13.119895935058594},"rotation":{"x":0.07105965912342072,"y":0.007756004575639963,"z":-0.00045767001574859023,"w":0.9974831938743591},"size":-0.6222223043441773,"orthographic":false}