{"cameraMode":{"drawMode":0,"name":"Shaded","section":"Shading Mode"},"sceneLighting":false,"audioPlay":false,"sceneViewState":{"m_AlwaysRefresh":false,"showFog":true,"showSkybox":false,"showFlares":true,"showImageEffects":true,"showParticleSystems":true,"showVisualEffectGraphs":true,"m_FxEnabled":true},"in2DMode":false,"pivot":{"x":0.8714299201965332,"y":0.676304042339325,"z":-0.3669999837875366},"rotation":{"x":0.032232969999313357,"y":0.7437728643417358,"z":-0.035959191620349887,"w":0.6666881442070007},"size":0.9438075423240662,"orthographic":false}