{"cameraMode":{"drawMode":0,"name":"Shaded","section":"Shading Mode"},"sceneLighting":false,"audioPlay":false,"sceneViewState":{"m_AlwaysRefresh":false,"showFog":true,"showSkybox":false,"showFlares":true,"showImageEffects":true,"showParticleSystems":true,"showVisualEffectGraphs":true,"m_FxEnabled":true},"in2DMode":false,"pivot":{"x":-0.5823118090629578,"y":0.54127037525177,"z":-0.06953989714384079},"rotation":{"x":0.051993630826473239,"y":-0.7292975187301636,"z":0.055637843906879428,"w":0.680181622505188},"size":1.2280128002166749,"orthographic":false}