{"cameraMode":{"drawMode":0,"name":"Shaded","section":"Shading Mode"},"sceneLighting":false,"audioPlay":false,"sceneViewState":{"m_AlwaysRefresh":false,"showFog":true,"showSkybox":false,"showFlares":true,"showImageEffects":true,"showParticleSystems":true,"showVisualEffectGraphs":true,"m_FxEnabled":true},"in2DMode":false,"pivot":{"x":11.945584297180176,"y":0.10000013560056687,"z":-4.484561443328857},"rotation":{"x":-0.23094293475151063,"y":0.21023151278495789,"z":-0.05118188634514809,"w":-0.9486033916473389},"size":0.1452585756778717,"orthographic":false}