{"cameraMode":{"drawMode":0,"name":"Shaded","section":"Shading Mode"},"sceneLighting":false,"audioPlay":false,"sceneViewState":{"m_AlwaysRefresh":false,"showFog":true,"showSkybox":false,"showFlares":true,"showImageEffects":true,"showParticleSystems":true,"showVisualEffectGraphs":true,"m_FxEnabled":true},"in2DMode":false,"pivot":{"x":1480.4146728515625,"y":389.37646484375,"z":-1.4122238159179688},"rotation":{"x":-0.06326746940612793,"y":0.0020926641300320627,"z":-0.00013245304580777884,"w":-0.9979959726333618},"size":53.280338287353519,"orthographic":false}