{"cameraMode":{"drawMode":0,"name":"Shaded","section":"Shading Mode"},"sceneLighting":false,"audioPlay":false,"sceneViewState":{"m_AlwaysRefresh":false,"showFog":true,"showSkybox":false,"showFlares":true,"showImageEffects":true,"showParticleSystems":true,"showVisualEffectGraphs":true,"m_FxEnabled":true},"in2DMode":false,"pivot":{"x":2.0000219345092775,"y":0.29767799377441409,"z":-3.490147113800049},"rotation":{"x":0.10624431073665619,"y":-0.7520370483398438,"z":0.12492690235376358,"w":0.6386552453041077},"size":0.935829222202301,"orthographic":false}