{"cameraMode":{"drawMode":0,"name":"Shaded","section":"Shading Mode"},"sceneLighting":false,"audioPlay":false,"sceneViewState":{"m_AlwaysRefresh":false,"showFog":true,"showSkybox":false,"showFlares":true,"showImageEffects":true,"showParticleSystems":true,"showVisualEffectGraphs":true,"m_FxEnabled":true},"in2DMode":false,"pivot":{"x":1.4430668354034424,"y":-0.17179816961288453,"z":-3.314783811569214},"rotation":{"x":0.12624265253543855,"y":-0.7226687669754028,"z":0.13680340349674226,"w":0.6659061908721924},"size":1.0870435237884522,"orthographic":false}