{"cameraMode":{"drawMode":0,"name":"Shaded","section":"Shading Mode"},"sceneLighting":false,"audioPlay":false,"sceneViewState":{"m_AlwaysRefresh":false,"showFog":true,"showSkybox":false,"showFlares":true,"showImageEffects":true,"showParticleSystems":true,"showVisualEffectGraphs":true,"m_FxEnabled":true},"in2DMode":false,"pivot":{"x":-1.9995735883712769,"y":0.33809053897857668,"z":-0.052691638469696048},"rotation":{"x":-0.027272917330265046,"y":-0.032709624618291858,"z":-0.0009335710201412439,"w":0.9992508888244629},"size":0.8903769850730896,"orthographic":false}