{"cameraMode":{"drawMode":0,"name":"Shaded","section":"Shading Mode"},"sceneLighting":false,"audioPlay":false,"sceneViewState":{"m_AlwaysRefresh":false,"showFog":true,"showSkybox":false,"showFlares":true,"showImageEffects":true,"showParticleSystems":true,"showVisualEffectGraphs":true,"m_FxEnabled":true},"in2DMode":false,"pivot":{"x":11.366531372070313,"y":0.02000001072883606,"z":-3.6915481090545656},"rotation":{"x":-0.06326746940612793,"y":0.0020926641300320627,"z":-0.00013245304580777884,"w":-0.9979959726333618},"size":0.2844291627407074,"orthographic":false}