{"cameraMode":{"drawMode":0,"name":"Shaded","section":"Shading Mode"},"sceneLighting":false,"audioPlay":false,"sceneViewState":{"m_AlwaysRefresh":false,"showFog":true,"showSkybox":false,"showFlares":true,"showImageEffects":true,"showParticleSystems":true,"showVisualEffectGraphs":true,"m_FxEnabled":true},"in2DMode":false,"pivot":{"x":0.18530559539794923,"y":0.7625073194503784,"z":-0.3801516592502594},"rotation":{"x":0.06886833161115647,"y":0.6946921944618225,"z":-0.06711278110742569,"w":0.7128534913063049},"size":0.643807590007782,"orthographic":false}