{"cameraMode":{"drawMode":0,"name":"Shaded","section":"Shading Mode"},"sceneLighting":false,"audioPlay":false,"sceneViewState":{"m_AlwaysRefresh":false,"showFog":true,"showSkybox":false,"showFlares":true,"showImageEffects":true,"showParticleSystems":true,"showVisualEffectGraphs":true,"m_FxEnabled":true},"in2DMode":false,"pivot":{"x":2.4980404376983644,"y":0.6489999890327454,"z":-4.038201808929443},"rotation":{"x":-0.00021403211576398462,"y":-0.9996955990791321,"z":0.025815142318606378,"w":-0.0036277284380048515},"size":0.22214347124099732,"orthographic":false}