{"cameraMode":{"drawMode":0,"name":"Shaded","section":"Shading Mode"},"sceneLighting":false,"audioPlay":false,"sceneViewState":{"m_AlwaysRefresh":false,"showFog":true,"showSkybox":false,"showFlares":true,"showImageEffects":true,"showParticleSystems":true,"showVisualEffectGraphs":true,"m_FxEnabled":true},"in2DMode":false,"pivot":{"x":-12.487839698791504,"y":0.6930531859397888,"z":-4.201173782348633},"rotation":{"x":-0.18668808043003083,"y":-0.014149504713714123,"z":0.0026889333967119457,"w":-0.9823145866394043},"size":22.14104461669922,"orthographic":false}