{"cameraMode":{"drawMode":0,"name":"Shaded","section":"Shading Mode"},"sceneLighting":false,"audioPlay":false,"sceneViewState":{"m_AlwaysRefresh":false,"showFog":true,"showSkybox":false,"showFlares":true,"showImageEffects":true,"showParticleSystems":true,"showVisualEffectGraphs":true,"m_FxEnabled":true},"in2DMode":false,"pivot":{"x":0.6477622389793396,"y":0.21792545914649964,"z":-3.9730870723724367},"rotation":{"x":-0.1052648201584816,"y":0.6196480393409729,"z":-0.08435995131731034,"w":-0.7732017636299133},"size":1.0173758268356324,"orthographic":false}