{"cameraMode":{"drawMode":0,"name":"Shaded","section":"Shading Mode"},"sceneLighting":false,"audioPlay":false,"sceneViewState":{"m_AlwaysRefresh":false,"showFog":true,"showSkybox":false,"showFlares":true,"showImageEffects":true,"showParticleSystems":true,"showVisualEffectGraphs":true,"m_FxEnabled":true},"in2DMode":false,"pivot":{"x":0.7220463156700134,"y":0.4021446108818054,"z":-4.2240800857543949},"rotation":{"x":0.06975796818733216,"y":0.9302253127098084,"z":-0.25175759196281435,"w":0.25774893164634707},"size":0.7173758149147034,"orthographic":false}