{"cameraMode":{"drawMode":0,"name":"Shaded","section":"Shading Mode"},"sceneLighting":false,"audioPlay":false,"sceneViewState":{"m_AlwaysRefresh":false,"showFog":true,"showSkybox":false,"showFlares":true,"showImageEffects":true,"showParticleSystems":true,"showVisualEffectGraphs":true,"m_FxEnabled":true},"in2DMode":false,"pivot":{"x":4.219069480895996,"y":0.4590150713920593,"z":-2.0581119060516359},"rotation":{"x":-0.0033415050711482765,"y":-0.7053209543228149,"z":-0.003431043354794383,"w":0.709100067615509},"size":0.6280127763748169,"orthographic":false}