{"cameraMode":{"drawMode":0,"name":"Shaded","section":"Shading Mode"},"sceneLighting":false,"audioPlay":false,"sceneViewState":{"m_AlwaysRefresh":false,"showFog":true,"showSkybox":false,"showFlares":true,"showImageEffects":true,"showParticleSystems":true,"showVisualEffectGraphs":true,"m_FxEnabled":true},"in2DMode":false,"pivot":{"x":-0.23000001907348634,"y":0.010000002570450306,"z":-1.9199999570846558},"rotation":{"x":-0.2120184302330017,"y":0.7150582671165466,"z":-0.24469681084156037,"w":-0.6195858716964722},"size":0.8494704365730286,"orthographic":false}