{"cameraMode":{"drawMode":0,"name":"Shaded","section":"Shading Mode"},"sceneLighting":false,"audioPlay":false,"sceneViewState":{"m_AlwaysRefresh":false,"showFog":true,"showSkybox":false,"showFlares":true,"showImageEffects":true,"showParticleSystems":true,"showVisualEffectGraphs":true,"m_FxEnabled":true},"in2DMode":false,"pivot":{"x":-2.957590103149414,"y":1.2319668531417847,"z":1.2173967361450196},"rotation":{"x":-0.00279516470618546,"y":0.994678258895874,"z":-0.09910736232995987,"w":-0.028056280687451364},"size":0.03325486183166504,"orthographic":false}