{"cameraMode":{"drawMode":0,"name":"Shaded","section":"Shading Mode"},"sceneLighting":false,"audioPlay":false,"sceneViewState":{"m_AlwaysRefresh":false,"showFog":true,"showSkybox":false,"showFlares":true,"showImageEffects":true,"showParticleSystems":true,"showVisualEffectGraphs":true,"m_FxEnabled":true},"in2DMode":false,"pivot":{"x":-12.88713264465332,"y":0.08000000566244126,"z":-7.904668807983398},"rotation":{"x":-0.06326746940612793,"y":0.0020926641300320627,"z":-0.00013245304580777884,"w":-0.9979959726333618},"size":0.8522914052009583,"orthographic":false}