{"cameraMode":{"drawMode":0,"name":"Shaded","section":"Shading Mode"},"sceneLighting":false,"audioPlay":false,"sceneViewState":{"m_AlwaysRefresh":false,"showFog":true,"showSkybox":false,"showFlares":true,"showImageEffects":true,"showParticleSystems":true,"showVisualEffectGraphs":true,"m_FxEnabled":true},"in2DMode":false,"pivot":{"x":3.9670298099517824,"y":0.5623273849487305,"z":-3.7857837677001955},"rotation":{"x":0.028705421835184099,"y":-0.7478757500648499,"z":0.0322912260890007,"w":0.662673830986023},"size":0.39496827125549319,"orthographic":false}