{"cameraMode":{"drawMode":0,"name":"Shaded","section":"Shading Mode"},"sceneLighting":false,"audioPlay":false,"sceneViewState":{"m_AlwaysRefresh":false,"showFog":true,"showSkybox":false,"showFlares":true,"showImageEffects":true,"showParticleSystems":true,"showVisualEffectGraphs":true,"m_FxEnabled":true},"in2DMode":false,"pivot":{"x":-0.06000000238418579,"y":0.320000022649765,"z":-0.019999980926513673},"rotation":{"x":0.10833264887332916,"y":-0.6991913318634033,"z":0.10847295820713043,"w":0.6983233094215393},"size":0.6280127167701721,"orthographic":false}