{"cameraMode":{"drawMode":0,"name":"Shaded","section":"Shading Mode"},"sceneLighting":false,"audioPlay":false,"sceneViewState":{"m_AlwaysRefresh":false,"showFog":true,"showSkybox":false,"showFlares":true,"showImageEffects":true,"showParticleSystems":true,"showVisualEffectGraphs":true,"m_FxEnabled":true},"in2DMode":false,"pivot":{"x":0.9158395528793335,"y":0.5162549018859863,"z":-4.384403228759766},"rotation":{"x":0.07009690999984741,"y":-0.04460800066590309,"z":0.003101794281974435,"w":0.9966956973075867},"size":0.692231297492981,"orthographic":false}