{"cameraMode":{"drawMode":0,"name":"Shaded","section":"Shading Mode"},"sceneLighting":false,"audioPlay":false,"sceneViewState":{"m_AlwaysRefresh":false,"showFog":true,"showSkybox":false,"showFlares":true,"showImageEffects":true,"showParticleSystems":true,"showVisualEffectGraphs":true,"m_FxEnabled":true},"in2DMode":false,"pivot":{"x":1.7491730451583863,"y":-0.6977880001068115,"z":-3.5166258811950685},"rotation":{"x":0.007597432471811771,"y":-0.9916354417800903,"z":0.1081421747803688,"w":0.07060140371322632},"size":1.7066779136657715,"orthographic":false}