{"cameraMode":{"drawMode":0,"name":"Shaded","section":"Shading Mode"},"sceneLighting":false,"audioPlay":false,"sceneViewState":{"m_AlwaysRefresh":false,"showFog":true,"showSkybox":false,"showFlares":true,"showImageEffects":true,"showParticleSystems":true,"showVisualEffectGraphs":true,"m_FxEnabled":true},"in2DMode":false,"pivot":{"x":-2.241034984588623,"y":-0.10892891883850098,"z":-0.6696875095367432},"rotation":{"x":-0.20066915452480317,"y":0.37703001499176028,"z":-0.08403808623552323,"w":-0.9002891778945923},"size":0.9974090456962586,"orthographic":false}