{"cameraMode":{"drawMode":0,"name":"Shaded","section":"Shading Mode"},"sceneLighting":false,"audioPlay":false,"sceneViewState":{"m_AlwaysRefresh":false,"showFog":true,"showSkybox":false,"showFlares":true,"showImageEffects":true,"showParticleSystems":true,"showVisualEffectGraphs":true,"m_FxEnabled":true},"in2DMode":false,"pivot":{"x":-1.959502935409546,"y":0.43194490671157839,"z":-0.07767035067081452},"rotation":{"x":0.0037791356444358827,"y":0.9961518049240112,"z":-0.06765193492174149,"w":0.05564405769109726},"size":0.6171573400497437,"orthographic":false}