{"cameraMode":{"drawMode":0,"name":"Shaded","section":"Shading Mode"},"sceneLighting":false,"audioPlay":false,"sceneViewState":{"m_AlwaysRefresh":false,"showFog":true,"showSkybox":false,"showFlares":true,"showImageEffects":true,"showParticleSystems":true,"showVisualEffectGraphs":true,"m_FxEnabled":true},"in2DMode":false,"pivot":{"x":0.26682543754577639,"y":-1.6653423309326172,"z":-5.464722633361816},"rotation":{"x":0.006750954780727625,"y":0.9804002046585083,"z":-0.1939539611339569,"w":0.03413268178701401},"size":4.030994415283203,"orthographic":false}