{"cameraMode":{"drawMode":0,"name":"Shaded","section":"Shading Mode"},"sceneLighting":false,"audioPlay":false,"sceneViewState":{"m_AlwaysRefresh":false,"showFog":true,"showSkybox":false,"showFlares":true,"showImageEffects":true,"showParticleSystems":true,"showVisualEffectGraphs":true,"m_FxEnabled":true},"in2DMode":false,"pivot":{"x":-1.4861602783203126,"y":-0.24603724479675294,"z":-3.691093921661377},"rotation":{"x":-0.024387840181589128,"y":0.9751856327056885,"z":-0.14022046327590943,"w":-0.16960641741752625},"size":3.1309943199157717,"orthographic":false}