{"cameraMode":{"drawMode":0,"name":"Shaded","section":"Shading Mode"},"sceneLighting":false,"audioPlay":false,"sceneViewState":{"m_AlwaysRefresh":false,"showFog":true,"showSkybox":false,"showFlares":true,"showImageEffects":true,"showParticleSystems":true,"showVisualEffectGraphs":true,"m_FxEnabled":true},"in2DMode":false,"pivot":{"x":1.8752071857452393,"y":1.2473881244659424,"z":-1.2822601795196534},"rotation":{"x":0.03671488165855408,"y":0.960244357585907,"z":-0.15280650556087495,"w":0.23071832954883576},"size":1.0309946537017823,"orthographic":false}