{"cameraMode":{"drawMode":0,"name":"Shaded","section":"Shading Mode"},"sceneLighting":false,"audioPlay":false,"sceneViewState":{"m_AlwaysRefresh":false,"showFog":true,"showSkybox":false,"showFlares":true,"showImageEffects":true,"showParticleSystems":true,"showVisualEffectGraphs":true,"m_FxEnabled":true},"in2DMode":false,"pivot":{"x":2.1527562141418459,"y":1.6625642776489258,"z":-0.9470663070678711},"rotation":{"x":-0.0048025804571807388,"y":0.9940156936645508,"z":-0.09753552824258805,"w":-0.04894443601369858},"size":1.0309946537017823,"orthographic":false}