{"cameraMode":{"drawMode":0,"name":"Shaded","section":"Shading Mode"},"sceneLighting":false,"audioPlay":false,"sceneViewState":{"m_AlwaysRefresh":false,"showFog":true,"showSkybox":false,"showFlares":true,"showImageEffects":true,"showParticleSystems":true,"showVisualEffectGraphs":true,"m_FxEnabled":true},"in2DMode":false,"pivot":{"x":1.8046550750732422,"y":0.46811655163764956,"z":-7.585202693939209},"rotation":{"x":-0.023847579956054689,"y":0.7534850835800171,"z":-0.027370188385248185,"w":-0.6564712524414063},"size":0.2902260720729828,"orthographic":false}