{"cameraMode":{"drawMode":0,"name":"Shaded","section":"Shading Mode"},"sceneLighting":false,"audioPlay":false,"sceneViewState":{"m_AlwaysRefresh":false,"showFog":true,"showSkybox":false,"showFlares":true,"showImageEffects":true,"showParticleSystems":true,"showVisualEffectGraphs":true,"m_FxEnabled":true},"in2DMode":false,"pivot":{"x":-13.049120903015137,"y":0.04000000283122063,"z":-7.828196048736572},"rotation":{"x":-0.25253739953041079,"y":0.007834283635020256,"z":-0.002044527791440487,"w":-0.9675549864768982},"size":0.8494706153869629,"orthographic":false}