{"cameraMode":{"drawMode":0,"name":"Shaded","section":"Shading Mode"},"sceneLighting":false,"audioPlay":false,"sceneViewState":{"m_AlwaysRefresh":false,"showFog":true,"showSkybox":false,"showFlares":true,"showImageEffects":true,"showParticleSystems":true,"showVisualEffectGraphs":true,"m_FxEnabled":true},"in2DMode":false,"pivot":{"x":-0.5323981046676636,"y":0.6605482697486877,"z":-0.08627777546644211},"rotation":{"x":-0.019788024947047235,"y":0.7264660596847534,"z":-0.020934591069817544,"w":-0.6866081357002258},"size":1.2591805458068848,"orthographic":false}