{"cameraMode":{"drawMode":0,"name":"Shaded","section":"Shading Mode"},"sceneLighting":false,"audioPlay":false,"sceneViewState":{"m_AlwaysRefresh":false,"showFog":true,"showSkybox":false,"showFlares":true,"showImageEffects":true,"showParticleSystems":true,"showVisualEffectGraphs":true,"m_FxEnabled":true},"in2DMode":false,"pivot":{"x":1.5586977005004883,"y":0.11000000685453415,"z":-0.32116031646728518},"rotation":{"x":-0.19642408192157746,"y":0.27014434337615969,"z":-0.05639674514532089,"w":-0.9408823847770691},"size":0.5762812495231628,"orthographic":false}