{"cameraMode":{"drawMode":0,"name":"Shaded","section":"Shading Mode"},"sceneLighting":false,"audioPlay":false,"sceneViewState":{"m_AlwaysRefresh":false,"showFog":true,"showSkybox":false,"showFlares":true,"showImageEffects":true,"showParticleSystems":true,"showVisualEffectGraphs":true,"m_FxEnabled":true},"in2DMode":false,"pivot":{"x":17.918434143066408,"y":-3.8194668292999269,"z":1.376880407333374},"rotation":{"x":0.23214177787303925,"y":-0.016663582995533944,"z":0.003974536433815956,"w":0.9725476503372192},"size":13.635485649108887,"orthographic":false}