{"cameraMode":{"drawMode":0,"name":"Shaded","section":"Shading Mode"},"sceneLighting":false,"audioPlay":false,"sceneViewState":{"m_AlwaysRefresh":false,"showFog":true,"showSkybox":false,"showFlares":true,"showImageEffects":true,"showParticleSystems":true,"showVisualEffectGraphs":true,"m_FxEnabled":true},"in2DMode":false,"pivot":{"x":-12.872145652770996,"y":0.5353143811225891,"z":-7.389005661010742},"rotation":{"x":-0.09911305457353592,"y":0.02596537582576275,"z":-0.0025869235396385195,"w":-0.9947357773780823},"size":0.851410984992981,"orthographic":false}