{"cameraMode":{"drawMode":0,"name":"Shaded","section":"Shading Mode"},"sceneLighting":false,"audioPlay":false,"sceneViewState":{"m_AlwaysRefresh":false,"showFog":true,"showSkybox":false,"showFlares":true,"showImageEffects":true,"showParticleSystems":true,"showVisualEffectGraphs":true,"m_FxEnabled":true},"in2DMode":false,"pivot":{"x":-2.4883217811584474,"y":0.7511430382728577,"z":-0.38408350944519045},"rotation":{"x":0.06326615810394287,"y":0.7737508416175842,"z":-0.07826655358076096,"w":0.6254467964172363},"size":0.6438076496124268,"orthographic":false}