{"cameraMode":{"drawMode":0,"name":"Shaded","section":"Shading Mode"},"sceneLighting":false,"audioPlay":false,"sceneViewState":{"m_AlwaysRefresh":false,"showFog":true,"showSkybox":false,"showFlares":true,"showImageEffects":true,"showParticleSystems":true,"showVisualEffectGraphs":true,"m_FxEnabled":true},"in2DMode":false,"pivot":{"x":1.9728914499282838,"y":-0.04026395082473755,"z":-7.974794387817383},"rotation":{"x":0.07523269951343537,"y":0.7488517761230469,"z":-0.08614546805620194,"w":0.6528507471084595},"size":0.8555509448051453,"orthographic":false}